-nJbGyPg6BY, 60.000, 70.000
2lM3im4QeIg, 30.000, 40.000
2zO-nlygkFo, 30.000, 40.000
5VDGoEnaayA, 0.000, 10.000
7FHHtRuAz0s, 20.000, 30.000
7oHaG3Ez5-4, 30.000, 40.000
AHoWincIkzc, 30.000, 40.000
Arp482w8r_s, 30.000, 40.000
D7TB8b2t3QE, 530.000, 540.000
D7cJVCMB7u8, 30.000, 40.000
DfCTXmNRj24, 30.000, 40.000
Fihamhv6TJo, 30.000, 40.000
H1NUFnNDcd0, 30.000, 40.000
OCTGiPOygds, 30.000, 40.000
OVhPqvG0ezA, 40.000, 50.000
OYkZxbD0vr8, 40.000, 50.000
QVuLXMpGHt0, 30.000, 40.000
RybkZKoNc0s, 30.000, 40.000
SNt6zvI-Qzo, 30.000, 40.000
Sv9Pm4AburQ, 30.000, 40.000
UUuXfyfCaL4, 170.000, 180.000
UynKj68K0VU, 30.000, 40.000
W4acKG-KSTE, 30.000, 40.000
YudutNqoRWQ, 0.000, 9.000
_sjoX8AymCA, 30.000, 40.000
bO6gUBBcniY, 30.000, 40.000
gPaoJv-NrEU, 30.000, 40.000
hpmojn45XJI, 30.000, 40.000
pAn49oUtHJE, 30.000, 40.000
sKglR9n1aFg, 30.000, 40.000
tb4tkXt3sSM, 30.000, 40.000
uH5XAeKdrjM, 150.000, 160.000
v66quqjiMtI, 30.000, 40.000
17kDSc8viaY, 170.000, 180.000
1W0qnjiRqiI, 160.000, 170.000
1_DouJRW3PM, 30.000, 40.000
2y9ikTsTsl0, 30.000, 40.000
3PliaLqMSqg, 30.000, 40.000
4DRBtsaDoCY, 120.000, 130.000
7Bon3WIhDq4, 160.000, 170.000
BW25L9uMX0Q, 270.000, 280.000
IcGBLr99nYY, 30.000, 40.000
K5rY4Cy2iHs, 140.000, 150.000
KQZixCY25QU, 200.000, 210.000
Lkg9SQwQYaE, 410.000, 420.000
M1NWfTh1C08, 570.000, 580.000
M3m_FhNfPKU, 300.000, 310.000
QUO4olgDVes, 520.000, 530.000
Uvu61DMB2Qc, 40.000, 50.000
W2ZYTeaKLag, 0.000, 10.000
gkokj7BhkAE, 220.000, 230.000
guvwGAj_xO4, 170.000, 180.000
heAw4z71lvo, 9.000, 19.000
i8o96xwalAM, 180.000, 190.000
jSC3k_UgPOI, 120.000, 130.000
l-j82fp24_U, 160.000, 170.000
oMgVmFzBrus, 30.000, 40.000
qTe2SHAFf4s, 170.000, 180.000
sPFB-z2ezXk, 490.000, 500.000
vIy0EtEeLEw, 200.000, 210.000
wM2MjZgCZho, 30.000, 40.000
yZm0BfXYvFg, 30.000, 40.000
--L3BCCcGEw, 400.000, 410.000
-0saBttFf3M, 24.000, 34.000
-4KDusm_mD0, 30.000, 40.000
-AlpLvWoLKs, 30.000, 40.000
-JqxUTqhhLU, 140.000, 150.000
-KecFw2lO5g, 170.000, 180.000
-KmqagJg6lM, 30.000, 40.000
-Pmvv9YFvsQ, 10.000, 20.000
-Wqrvzcoe7k, 90.000, 100.000
-YUhs4r8f2A, 30.000, 40.000
-bMGXC1AcWA, 30.000, 40.000
-fjg3-sh_Wg, 30.000, 40.000
-kOVklMNUGM, 30.000, 40.000
0-ygGIzPk6Y, 30.000, 40.000
01C4o4DcNK4, 30.000, 40.000
01SvT7xW52E, 30.000, 40.000
03wteHHdPnY, 170.000, 180.000
06JVJbOIFno, 0.000, 10.000
0AHLFpzzdfw, 22.000, 32.000
0AfDg-XdZic, 300.000, 310.000
0ArhYp7vur0, 30.000, 40.000
0CrjK7JES8s, 590.000, 600.000
0ER_Y6kiDDc, 230.000, 240.000
0EcfL54lGUA, 30.000, 40.000
0IQ3lxVgKxo, 30.000, 40.000
0KAWU10UO1o, 0.000, 10.000
0LUzhxAwr2k, 190.000, 200.000
0ePgDiHoenY, 0.000, 10.000
0gqQHktMvZU, 190.000, 200.000
0k24FEu3TZY, 30.000, 40.000
0kPEOTzGYgI, 250.000, 260.000
0n9jiXBgHwc, 10.000, 20.000
0nBZYJYu6Xw, 20.000, 30.000
0sPiXNsSJLU, 450.000, 460.000
0xdtozv5bLU, 30.000, 40.000
1-042dMqXLc, 20.000, 30.000
10qlLcyR9l8, 230.000, 240.000
11Iop8FeXwY, 10.000, 20.000
12uwhfHGp-s, 30.000, 40.000
17bM1ws50rk, 10.000, 20.000
18Ecd_rbNIY, 520.000, 530.000
19OU2vFGCoQ, 170.000, 180.000
1DXmTC1bUy0, 170.000, 180.000
1Fr66lnrnJQ, 30.000, 40.000
1LQO_r8Y9m4, 30.000, 40.000
1NIrfWpeyGo, 420.000, 430.000
1aPjFKOz1W4, 110.000, 120.000
1ektGLLDaaE, 130.000, 140.000
1i01QDrSQW8, 140.000, 150.000
1p9CYyk7fVo, 0.000, 10.000
1rD3M4deOmM, 20.000, 30.000
1u2lk6nAgNc, 30.000, 40.000
1vq4IpZfFLs, 90.000, 100.000
1zLHXgu7OXo, 20.000, 30.000
227tV74YVmM, 150.000, 160.000
271cEXA2vrk, 80.000, 90.000
2CHX4-BqaGM, 30.000, 40.000
2D2mIVWFj8k, 160.000, 170.000
2ERWcrUeJyQ, 170.000, 180.000
2Ftr4wa9fZA, 220.000, 230.000
2H0kdvHL4MA, 310.000, 320.000
2JGmsrujCQE, 400.000, 410.000
2JY7JVF2xnM, 6.000, 16.000
2LVSBRgNLl0, 20.000, 30.000
2TWT-0iBotE, 22.000, 32.000
2Tgd97IiAi8, 30.000, 40.000
2dJVcd47iJ8, 270.000, 280.000
2eEeOLqSFJw, 30.000, 40.000
2f-kHyG5fLk, 170.000, 180.000
2gGPqG1P7yo, 350.000, 360.000
2i6Db1mSYI0, 30.000, 40.000
2uv4nVGKWAE, 180.000, 190.000
2y2Pi0A-Yxo, 10.000, 20.000
3-lSANE2xMs, 30.000, 40.000
317iLa-c9tc, 300.000, 310.000
37YQUC1esI0, 210.000, 220.000
3A0LxYhBvj0, 190.000, 200.000
3CtC4RNYKAg, 200.000, 210.000
3OvtVWUgsQ8, 24.000, 34.000
3TchVMhavFo, 30.000, 40.000
3UGVBYBbzz8, 30.000, 40.000
3VCPr1KTtk0, 430.000, 440.000
3aYzbpZ1PZE, 30.000, 40.000
3hFbO1lEIJw, 70.000, 80.000
3isgXk_gbuA, 30.000, 40.000
3j3Q4002IMI, 30.000, 40.000
3rCeT4gjGIk, 390.000, 400.000
425oTP5Qyfs, 200.000, 210.000
452H08Sap0A, 140.000, 150.000
45C4_nH5mdY, 210.000, 220.000
4E-2AtyI_I8, 500.000, 510.000
4LccFl0wcuI, 21.000, 31.000
4PHnq_8F1ZM, 240.000, 250.000
4SQ-JmWEho8, 400.000, 410.000
4WacRrs8X_c, 50.000, 60.000
4Ymw504TzYQ, 300.000, 310.000
4Z0sQ2G7puU, 10.000, 20.000
4_ITLNi3Wx8, 22.000, 32.000
4_l3eimkuxA, 170.000, 180.000
4_orQ95QFl0, 440.000, 450.000
4cs4YUiQ-DI, 130.000, 140.000
4i7Z_Z8gd7E, 120.000, 130.000
4lvV56iMhPs, 10.000, 20.000
4m8MK8502U8, 30.000, 40.000
4mKHPElrmOo, 0.000, 10.000
4nLfnxU3SIA, 30.000, 40.000
4pS4x7xb5_8, 30.000, 40.000
4rsP5z6Yt_k, 60.000, 70.000
4z5v63UY_jA, 430.000, 440.000
53fCLL1H6Ek, 180.000, 190.000
57osz5H9Dvw, 30.000, 40.000
59D-77SoqAw, 210.000, 220.000
5DjQXcro4_M, 90.000, 100.000
5DlCbPoafow, 23.000, 33.000
5HscieNnu5Y, 230.000, 240.000
5Ij70k0DbcY, 1.000, 11.000
5LwPTenbbQg, 30.000, 40.000
5QwkY0xO-TE, 180.000, 190.000
5SPuxVBDehY, 29.000, 39.000
5STUqW63ba8, 0.000, 10.000
5U-66CNbOaU, 120.000, 130.000
5VnCWno6kDM, 260.000, 270.000
5a36vc1QfKU, 170.000, 180.000
5boURoUhUzM, 20.000, 30.000
5e266P0zvAw, 30.000, 40.000
5eiVWYx6DMo, 200.000, 210.000
5f9zO7JJb7k, 570.000, 580.000
5hCAbv4pnDM, 410.000, 420.000
5iBP-1ISM8Q, 250.000, 260.000
5nLGoZ3YUdE, 380.000, 390.000
5p9XLBtfesc, 330.000, 340.000
5pm6ks4smb8, 190.000, 200.000
5qplbiS5jl0, 200.000, 210.000
5tz6t5-8jjk, 30.000, 40.000
5ue9YQB2mUM, 30.000, 40.000
5yHIxkOXMuY, 0.000, 10.000
60abvB_lVXQ, 210.000, 220.000
61wSoHlBVjg, 110.000, 120.000
62yMicGSjoA, 380.000, 390.000
67zyxZb-wQM, 340.000, 350.000
6HaLbTYCBqk, 190.000, 200.000
6Hlzbi4J81w, 30.000, 40.000
6LkRfsRybCo, 260.000, 270.000
6P0mRGU8Z_E, 50.000, 60.000
6a8Hnuk-TiI, 30.000, 40.000
6blhNMePVcg, 30.000, 40.000
6dVI64x3r00, 20.000, 30.000
6mfCey66k1A, 160.000, 170.000
6o0mZVMfKss, 140.000, 150.000
6tMhStNYZ8w, 270.000, 280.000
6vHt2FRpEWU, 410.000, 420.000
7Dh27IwpmnQ, 0.000, 10.000
7Q4LAHcBPK4, 0.000, 10.000
7SW98O3bl4o, 510.000, 520.000
7Swiqp7yEWg, 230.000, 240.000
7ViNH1ZHB-M, 30.000, 40.000
7W0kSinVMxo, 10.000, 20.000
7Z0uc9ZAlCM, 270.000, 280.000
7_mIV6ApB6c, 30.000, 40.000
7b5VMyyIweM, 120.000, 130.000
7c4xTLG-lOk, 0.000, 10.000
7h1hwWib_hY, 480.000, 490.000
7p_ybbzYjQw, 30.000, 40.000
7xIBRt_5SOE, 30.000, 40.000
7y0Ejzdizcw, 280.000, 290.000
8-IaYZOmskM, 10.000, 20.000
804d-ZN16Jc, 10.000, 20.000
85zKoT3II6k, 30.000, 40.000
86No_uqetiM, 0.000, 10.000
86PXZd6Qt9I, 250.000, 260.000
8F7zzU9R7WA, 10.000, 20.000
8RBlWITES0Y, 60.000, 70.000
8X0AMPYStYI, 310.000, 320.000
8XFBB2m7WWI, 170.000, 180.000
8ae0RYa98sQ, 280.000, 290.000
8bR-crBQvA4, 90.000, 100.000
8fHco00na5o, 30.000, 40.000
8fYpSl2RN2M, 30.000, 40.000
8g8tzU6Cklc, 110.000, 120.000
8gS-S2099xg, 230.000, 240.000
8gfpOUdUVEY, 100.000, 110.000
8injjiGEySw, 270.000, 280.000
8ishaG9pyMA, 30.000, 40.000
8oY66KUPUTo, 30.000, 40.000
8piCU9079nM, 540.000, 550.000
8wp29e0BWEY, 240.000, 250.000
9-fJVKgbc3A, 30.000, 40.000
97XDRe9nM5s, 30.000, 40.000
9AvH1iA2Rgs, 170.000, 180.000
9BcUXtLAOmI, 140.000, 150.000
9EwpOXBYtCo, 30.000, 40.000
9Fi2Fk9NwwA, 480.000, 490.000
9GsXu3f_16M, 10.000, 20.000
9dMVChmyyfI, 30.000, 40.000
9lUFrrt7cM4, 580.000, 590.000
9ps1CZOYELk, 0.000, 10.000
9raFyzeyArg, 30.000, 40.000
9vg47uIa9UI, 410.000, 420.000
9yUMSmRyRLo, 320.000, 330.000
A-5lcNgiepI, 10.000, 20.000
A-_bLtto_Y8, 430.000, 440.000
A1-qvg8Inys, 340.000, 350.000
A2kQA_hcJLk, 450.000, 460.000
A3mgpoGjh1Q, 140.000, 150.000
AAZcG7jdREs, 220.000, 230.000
ADD8OmC8G_Q, 280.000, 290.000
AGStbFLH0rM, 30.000, 40.000
AH1Nd5qO5kQ, 0.000, 5.000
AHfbw5HCj9I, 210.000, 220.000
AJ_oMvrPZuQ, 30.000, 40.000
AOF4cJw6wVI, 30.000, 40.000
ASnABr4_t-E, 80.000, 90.000
AZf-xA6p_ec, 30.000, 40.000
AacfMb1ZZ9U, 260.000, 270.000
AbPYmnj0_Zo, 130.000, 140.000
AkiTPf5aJn4, 150.000, 160.000
ArRqMABvjMk, 40.000, 50.000
Aslpvm3gQb0, 30.000, 40.000
AtYnOsSVVfE, 30.000, 40.000
AxvN5SDWZ74, 30.000, 40.000
B4AgqUBn4Fg, 380.000, 390.000
B4SmZNzd0Vs, 30.000, 40.000
B5530ni95mw, 230.000, 240.000
B9rRFttp4L4, 340.000, 350.000
BGZPCgj9k2o, 30.000, 40.000
BI6C81qyNgo, 220.000, 230.000
BNi6uWIYYbc, 30.000, 40.000
BTslOmmkTYk, 180.000, 190.000
BeZEcvrrLtY, 80.000, 90.000
Bm9hyDf_YkQ, 310.000, 320.000
BoXorZKh7v8, 270.000, 280.000
Buo5qxEFxBg, 20.000, 30.000
Bv9KFSzfcNo, 80.000, 90.000
BvADhwmbWFw, 30.000, 40.000
CCp3CWpiPUE, 70.000, 80.000
CK1NSDcw3hM, 30.000, 40.000
CVdOVCtwTBY, 30.000, 40.000
C_nDedbTPWg, 30.000, 40.000
Ca_Ma5uwJCc, 300.000, 310.000
CbPQ2DPdRLk, 210.000, 220.000
ChQkuSLJ_zA, 60.000, 70.000
CiMfyC3I1P4, 30.000, 40.000
CsSHvKwdDYI, 300.000, 310.000
CtxqajEzYsw, 150.000, 160.000
D-Mg1sp1hRU, 0.000, 10.000
D11Pjx8ueIM, 30.000, 40.000
D1v8o0Rk2Ww, 200.000, 210.000
D9UjJd3Npeg, 340.000, 350.000
DA6CrCf5_E8, 30.000, 40.000
DAxdH9iX8Gg, 560.000, 570.000
DH_DFfQBIHU, 250.000, 260.000
DTBAHfJVisM, 280.000, 290.000
DVyYhT_tRjs, 190.000, 200.000
DXviXD8cZsY, 250.000, 260.000
D_VbHfgPVlg, 180.000, 190.000
Di8ObI7dki8, 330.000, 340.000
DlyUeQGh1hE, 110.000, 120.000
DrUyviMWotM, 0.000, 10.000
DuAjdf37tLM, 480.000, 490.000
DuJq8ouhPqg, 90.000, 100.000
Dv6sa3sDEYY, 130.000, 140.000
Dw1lIVBE-gI, 30.000, 40.000
DzPTgW2Er5k, 370.000, 380.000
E8pqau9WdT8, 520.000, 530.000
ELnvELHYRhk, 400.000, 410.000
EPSPjAR8ztY, 30.000, 40.000
EWokRrHmSYs, 30.000, 40.000
E_NR3lmcb8Q, 70.000, 80.000
Ea76qDF5_4k, 20.000, 30.000
EaXYLpRZ0FM, 560.000, 570.000
Edqj2eT240E, 30.000, 40.000
EuoVd3uTaeU, 30.000, 40.000
EvcscGBLPH8, 290.000, 300.000
FDrcD4qEjH8, 350.000, 360.000
FHK2RotEKGw, 170.000, 180.000
FSWW_chy8a4, 30.000, 40.000
FWPZLH1KxzM, 260.000, 270.000
FZJH1QnKqDs, 520.000, 530.000
Fd_FcYXrzNY, 470.000, 480.000
Fl0nsq7dU9M, 30.000, 40.000
FlkUkQjiCxQ, 380.000, 390.000
FmrJ13mJoDA, 2.000, 12.000
FnUJKaQ5y3I, 40.000, 50.000
Fo-7zVqt1ew, 30.000, 40.000
FoS5FX0mz8c, 150.000, 160.000
FrktXJNQUKE, 580.000, 590.000
Frw6t2jQiuE, 120.000, 130.000
FvdalxmMywY, 10.000, 20.000
FzeILfCqj4Y, 170.000, 180.000
G2kfsLDgwFU, 220.000, 230.000
G84EWRY6CrQ, 240.000, 250.000
GL14yddso1U, 180.000, 190.000
GLiAvaXMN28, 30.000, 40.000
GV667JG_2jo, 30.000, 40.000
GVrmd6Ha8a0, 500.000, 510.000
GYETTNAI5mY, 270.000, 280.000
GZq4ZH9N0NA, 30.000, 40.000
Ga1JmlV6nIs, 170.000, 180.000
GgXsKzvjVTI, 20.000, 30.000
Gi_Ezhp0gns, 90.000, 100.000
GvvATwxg8h4, 330.000, 340.000
H-g_YXcGshA, 60.000, 70.000
H0dowzOU4c8, 150.000, 160.000
H6ZMHiWqiv0, 80.000, 90.000
H6go2KeC_NY, 30.000, 40.000
HMxNxpw0Lrg, 280.000, 290.000
HXwYqGau-mk, 230.000, 240.000
HaQNEB6XGss, 60.000, 70.000
HtlDBwIJ6cw, 30.000, 40.000
Hzkskd3qfA4, 180.000, 190.000
IJtYFtBmpCU, 560.000, 570.000
IS4sZapkG-k, 30.000, 40.000
IZMA48czU5w, 60.000, 70.000
IbXfrZt-6pw, 60.000, 70.000
IflC40tgpZE, 19.000, 29.000
Ikp7aG-1uno, 0.000, 10.000
Ime-GN-7Vv8, 20.000, 30.000
J4QD8GtmfBU, 380.000, 390.000
J4WPlYbZM48, 130.000, 140.000
J747_jtNRy0, 40.000, 50.000
J9YTBHF56mg, 4.000, 14.000
JHgHt-bGjTA, 240.000, 250.000
JIiMlCU-lAQ, 480.000, 490.000
JJ7GHt3lu0E, 10.000, 20.000
JM8d_Arjz6g, 110.000, 120.000
JNvCyok3C7k, 250.000, 260.000
JVt8VeszKHc, 140.000, 150.000
JaFEVlLKh9M, 90.000, 100.000
JcyuSC7zMsI, 80.000, 90.000
JkA1KzQdqzE, 280.000, 290.000
JnFpbZcv9Uw, 290.000, 300.000
K-gwiF5KXFM, 150.000, 160.000
K0QTdZGyrI4, 30.000, 40.000
K2kIOBeCfuo, 140.000, 150.000
KHEjqi-b6zs, 0.000, 10.000
KHL_hLaK6M4, 30.000, 40.000
KKwzE0gpdqA, 0.000, 10.000
KYzn2GGzaPM, 30.000, 40.000
Kieu2QbbYRc, 210.000, 220.000
Kj3PV_TWy5I, 140.000, 150.000
Kl6ft3b_U70, 410.000, 420.000
KpOvq55E8tU, 520.000, 530.000
KsRgV4OpGLY, 540.000, 550.000
L4f4yBnJFRY, 320.000, 330.000
LBxEUejyDMw, 470.000, 480.000
LE_bXQnKI80, 80.000, 90.000
LJ1vwuBVc3I, 250.000, 260.000
LJb7crmmsPQ, 90.000, 100.000
LQ813OAi7Bw, 30.000, 40.000
LSP6N2BrZak, 240.000, 250.000
L_CNz9Vrtkw, 100.000, 110.000
LfR5Kb7H4VE, 30.000, 40.000
Lha0fjiOILI, 480.000, 490.000
LhmtkBLC_4M, 190.000, 200.000
LoiLbxoK2Ow, 0.000, 10.000
LqgX7CqeKoI, 190.000, 200.000
LqzRdRNHnso, 0.000, 10.000
LwZccHVIB28, 470.000, 480.000
Lz-vrIs4pzM, 30.000, 40.000
M00zntqVOQ0, 250.000, 260.000
M21w0OqsvUE, 30.000, 40.000
MAarI5nHork, 270.000, 280.000
MF-kw460P1Q, 150.000, 160.000
MJQc-nVXO_8, 23.000, 33.000
MMo_zqHbkQQ, 80.000, 90.000
MQy9h9iIS8U, 250.000, 260.000
MRdbCUgflRU, 16.000, 26.000
MgtSPTHTPLs, 200.000, 210.000
MhxhcZMEOGg, 50.000, 60.000
MqbACETeXvc, 440.000, 450.000
MrDDhjrV9us, 60.000, 70.000
Mrefj-bywP4, 0.000, 10.000
MxDpojd3qrA, 10.000, 20.000
NBy9Hgc4D7s, 380.000, 390.000
NFjS9fTKOL4, 30.000, 40.000
NJ7IQgDh8dY, 10.000, 20.000
NL7dvcrkwu0, 310.000, 320.000
NQ1ehrtyyMg, 380.000, 390.000
NS3brbiBM-4, 30.000, 40.000
NU75ToG2r0Q, 530.000, 540.000
NVV7NcaQ2zs, 100.000, 110.000
NWR98SWUHSI, 230.000, 240.000
NXbLD2ibHmU, 140.000, 150.000
NZqMtSQXH3c, 130.000, 140.000
N_rUBpwDxys, 220.000, 230.000
N_tnqrFK9iY, 280.000, 290.000
NaKJ9c59kfo, 300.000, 310.000
NbcYngI5kh0, 180.000, 190.000
Ni4GJgbEV1w, 520.000, 530.000
Nndr1xAhx3o, 550.000, 560.000
Nr2zCh25DoU, 30.000, 40.000
NrpRFjKvjGQ, 0.000, 10.000
Nrq0-X2Oy8c, 30.000, 40.000
Ntj4hqCBB10, 0.000, 10.000
NzJn1o06dVI, 190.000, 200.000
O5yy0CelMEw, 140.000, 150.000
O8F1h6lZeKQ, 180.000, 190.000
ODPScAbmxsU, 30.000, 40.000
OOMTU5jsUvQ, 330.000, 340.000
OXFTVTpPucE, 130.000, 140.000
OgkapV7ODp8, 0.000, 10.000
OqpuMxjAYTs, 160.000, 170.000
OtxpdKYSKMQ, 190.000, 200.000
OwqGxt-BgoI, 270.000, 280.000
OxM9cBdvewo, 0.000, 10.000
P-UdUEoT93U, 330.000, 340.000
P6fVGsZJvoM, 70.000, 80.000
P9gADp-2kUg, 330.000, 340.000
PLAGWDmgHp8, 490.000, 500.000
PLAxGtVzOoY, 170.000, 180.000
PNQ6f_P0OLc, 60.000, 70.000
PQkULHurhlQ, 70.000, 80.000
PdL-7JPH0vQ, 290.000, 300.000
PdZq4d48eJ0, 170.000, 180.000
PeaisLgBhuk, 10.000, 20.000
PfLGxpFOeBg, 400.000, 410.000
PkWHwWvbAqI, 190.000, 200.000
PkmpxrsidZM, 170.000, 180.000
PlY6X2o6r0w, 240.000, 250.000
Plk7bQMPGBM, 560.000, 570.000
Pzf8k0tqlFs, 50.000, 60.000
PznVb9sbI0g, 70.000, 80.000
Q-4UAwwVE5c, 310.000, 320.000
Q-lI8fToZHM, 30.000, 40.000
Q3NswbPvGU0, 260.000, 270.000
QKB00z2EP7c, 30.000, 40.000
Qc976Cc3jn8, 50.000, 60.000
QeiTZIwqq_E, 100.000, 110.000
QmA8xmZ_WKM, 18.000, 28.000
R-dHo2GYLbo, 120.000, 130.000
R6hlz51qHQo, 270.000, 280.000
REog8nMZIww, 330.000, 340.000
RHcDFqpvWN4, 0.000, 10.000
RIIReItxKso, 0.000, 10.000
RL9uEAoKabk, 21.000, 31.000
RY8qyNqvsg0, 0.000, 10.000
Ra7YYZw5_1w, 380.000, 390.000
Rb2L0PmwcvA, 420.000, 430.000
Rgzi10l09wM, 30.000, 40.000
RiB-NfB7j74, 30.000, 40.000
Rred0PZQrdA, 330.000, 340.000
RruECOLNygg, 110.000, 120.000
SARbpMBXECw, 0.000, 10.000
SC3wFqT9IiY, 0.000, 10.000
SSkBVXO4hwc, 0.000, 10.000
SVhflq_24SE, 230.000, 240.000
SX0uPukf_tU, 170.000, 180.000
SYel5NiRMW4, 30.000, 40.000
SmUANnz2QvU, 250.000, 260.000
SmUCizHo0m8, 220.000, 230.000
Sn7qtWc1sUY, 390.000, 400.000
SqYBwq9Y50o, 210.000, 220.000
SuKClfWBvdA, 70.000, 80.000
Sv77nPordos, 130.000, 140.000
SwAEvxxV2o4, 300.000, 310.000
SwFGGTj4ruE, 30.000, 40.000
SxrzO2vTdeg, 110.000, 120.000
T4wye3TZEmQ, 210.000, 220.000
T88ohm2C3sI, 160.000, 170.000
TCUVUqf8XQI, 340.000, 350.000
TLkl-B4vSrY, 400.000, 410.000
TUd2xeZP-Kw, 250.000, 260.000
TrNox-eboC4, 330.000, 340.000
TtG9yDE0wio, 350.000, 360.000
Tun6aB7dtYM, 20.000, 30.000
Ty7gKHwVRTM, 60.000, 70.000
TypWtZYLCF8, 190.000, 200.000
U-4gO3Chr1E, 280.000, 290.000
U1lSgi1Uvlo, 160.000, 170.000
U5Ode-6iiOs, 560.000, 570.000
UE3XnVFodMI, 230.000, 240.000
UEgSN3e1v_o, 110.000, 120.000
UREKunw0L98, 30.000, 40.000
URGJPuXq-U4, 20.000, 30.000
URRBumxQL_A, 30.000, 40.000
US8jwUOBvK8, 30.000, 40.000
USr8fPz8xGo, 330.000, 340.000
UVWv3ApaxKg, 100.000, 110.000
UWZWQGGd3Yc, 240.000, 250.000
UmL1bKCMb4E, 0.000, 10.000
Un0Xvanjm-4, 20.000, 30.000
UvlMjECqDh8, 160.000, 170.000
UyHQnqefQf8, 190.000, 200.000
V8Hpt9GgDD8, 150.000, 160.000
VG5gvwWMdH4, 0.000, 10.000
VMPFS-ppp78, 90.000, 100.000
VNBIEaE4-BU, 400.000, 410.000
VQzc5EnDKUA, 300.000, 310.000
VRsXejBBi_c, 380.000, 390.000
VS2HzSDfH_w, 30.000, 40.000
VTtLsCYN-3w, 220.000, 230.000
Vdnx6eveng0, 480.000, 490.000
Vmq5slI-pEg, 40.000, 50.000
Vo2NRJ_sdXg, 30.000, 40.000
VptdlGjiM9s, 370.000, 380.000
Vr_74FxnEac, 80.000, 90.000
VtL9rc7PJ2Q, 80.000, 90.000
W26n3qw0HwE, 220.000, 230.000
W5XzILxZkYo, 370.000, 380.000
W6Wp9eGkpjM, 190.000, 200.000
W9ZazEwk0wk, 30.000, 40.000
WC5tS2MneVU, 430.000, 440.000
WFpWhJ4KOc8, 170.000, 180.000
WL7Szk-RcSk, 330.000, 340.000
WOHCDuczqHo, 0.000, 10.000
WXasLeoHvnM, 20.000, 30.000
WdREO4wPn_c, 30.000, 40.000
Wi4_jmk3t-Y, 370.000, 380.000
WiCtSkCJSIM, 0.000, 10.000
WmgQuE2opNo, 450.000, 460.000
WpYh_de7ewI, 30.000, 40.000
Wz7gH-vI0ik, 30.000, 40.000
X7aHTOVDPTg, 90.000, 100.000
XN6zzMFL4iE, 20.000, 30.000
XWPQrg4DcSA, 210.000, 220.000
Xkdr555HPjI, 350.000, 360.000
XnGycMMUnKY, 240.000, 250.000
Xx8dHmFhMuE, 210.000, 220.000
XyKzPuyJsf4, 540.000, 550.000
XzVAEpLEji0, 20.000, 30.000
YDL6s0vEe4o, 260.000, 270.000
YDQhcZ4j_yk, 360.000, 370.000
YFPFhMzDxn8, 120.000, 130.000
YHWXjUAK9sk, 320.000, 330.000
YIHIRydtOy8, 10.000, 20.000
YJ-c332jaPk, 30.000, 40.000
YTfWsfPYWMg, 280.000, 290.000
Y_VKQ-tP2lI, 50.000, 60.000
YjM8NRhSUic, 240.000, 250.000
Z0yloqCdsmY, 170.000, 180.000
Z2jGAzBmCFU, 30.000, 40.000
Z5GIdW3p5H0, 120.000, 130.000
Z7aiLNT0GQo, 290.000, 300.000
ZDpm-WM76V0, 210.000, 220.000
ZIhRW-tF7sU, 300.000, 310.000
ZS5vqzFhl1o, 180.000, 190.000
ZXbKQ5ClohM, 23.000, 33.000
ZjT_n7hTZ0c, 30.000, 40.000
ZmZiSgyau3M, 260.000, 270.000
ZolA6dPYKGU, 170.000, 180.000
ZqF8pGTnWlo, 430.000, 440.000
ZuKdfOdbdUc, 0.000, 10.000
Zxz3wmuwf8Y, 10.000, 20.000
ZzGvpDQvlBY, 560.000, 570.000
ZzpBvyzmijk, 40.000, 50.000
_8YOTFAF5-c, 50.000, 60.000
_CL3iDN3kIc, 520.000, 530.000
_KdEzd0yRZk, 140.000, 150.000
_QKGQlU6ISY, 370.000, 380.000
_RYrdAkHbr8, 260.000, 270.000
_X8iZHzdjBA, 330.000, 340.000
_XC5Fid3l3Y, 60.000, 70.000
_hGDtiG8wnw, 20.000, 30.000
_ljos82cCTk, 500.000, 510.000
_nwZSFQI4EM, 460.000, 470.000
_wPjcjlwLpU, 550.000, 560.000
_xoSWYbpRAg, 30.000, 40.000
a0LIemH5Cw0, 10.000, 20.000
aRNtcUFrKQM, 120.000, 130.000
aSUocHI9tJw, 210.000, 220.000
af-LxIXNVCg, 70.000, 80.000
afGQjR64hXk, 240.000, 250.000
arqF3ou4E3w, 270.000, 280.000
asJCKB2djIg, 40.000, 50.000
atBudMKxsaA, 450.000, 460.000
b-kUwxvlcQ4, 280.000, 290.000
b1X9HsotKag, 160.000, 170.000
b1kRGV4XRCQ, 30.000, 40.000
b9DksOOQpoI, 30.000, 40.000
bPOlcTbkEtg, 110.000, 120.000
bQd0_j1Kizo, 10.000, 20.000
bULjQ18vta8, 340.000, 350.000
bY2EIGnnwwI, 30.000, 40.000
bd0dewNfYKA, 420.000, 430.000
blKEJNhOPLE, 320.000, 330.000
bpJiNvkLv78, 30.000, 40.000
bwecVQLHrys, 10.000, 20.000
by7p3TS1JQI, 160.000, 170.000
bz_ahJ1VgkY, 0.000, 10.000
bzrcsi-scb0, 40.000, 50.000
c102B6YkTD4, 550.000, 560.000
c47yuyBcMEE, 500.000, 510.000
c54vfU4U_oY, 210.000, 220.000
cBpxPY72dgA, 270.000, 280.000
cC8IZkgyHgU, 70.000, 80.000
cDZ_BhMUub8, 90.000, 100.000
cEddS8Y-qZc, 510.000, 520.000
cGWaXVpOL8M, 30.000, 40.000
cIN5TF8Ufd4, 530.000, 540.000
cINH-wPLdf4, 260.000, 270.000
cLvfAHC11PU, 490.000, 500.000
cPJuRZv5a2A, 260.000, 270.000
cQxv5ADusEs, 100.000, 110.000
cX52fXm7o2I, 30.000, 40.000
cfMSQoLfLZk, 70.000, 80.000
ckMS_xJcww8, 430.000, 440.000
cktkqEUJMmM, 400.000, 410.000
clpyFTbjGLs, 130.000, 140.000
ctBIr-xSJKk, 30.000, 40.000
ctlkmKuvqns, 20.000, 30.000
cuVkaJ1UI-Y, 60.000, 70.000
d4jDD8xpnuk, 0.000, 10.000
d6wmkmbXByA, 50.000, 60.000
dCF9VQnVTDw, 29.000, 39.000
dHOrs2C0VuI, 50.000, 60.000
dKXmhWrO9aM, 100.000, 110.000
dR9S2XI5aDo, 220.000, 230.000
dRryOgcQMTA, 10.000, 20.000
dTK36ESqU7w, 180.000, 190.000
dUdJZWBrCbE, 200.000, 210.000
dW9NNo9cIIU, 250.000, 260.000
d_udISB11qY, 380.000, 390.000
dePEs7zIJD0, 550.000, 560.000
dlveqtmiblA, 380.000, 390.000
dp8gEwlM6Fs, 410.000, 420.000
drl0OYS8tWE, 0.000, 10.000
dz6h_woJZ-o, 200.000, 210.000
e-q9IGqaO_8, 460.000, 470.000
e5nMTknOSPs, 30.000, 40.000
e7W8q2KAHSg, 90.000, 100.000
eH3R3i5LdrM, 10.000, 20.000
eIOdX60NR7k, 310.000, 320.000
eLFdOdxau5o, 430.000, 440.000
eMMhvSfn16I, 40.000, 50.000
eO0erXbOrt4, 30.000, 40.000
eUB81q5W17c, 160.000, 170.000
ecDlos_1eA0, 180.000, 190.000
ep3rfNAyXGs, 40.000, 50.000
epOABYQEpDs, 270.000, 280.000
eswS4PkCnDg, 30.000, 40.000
eyLjRrBsncY, 410.000, 420.000
f1wTZCL9d-w, 290.000, 300.000
f2jXKuDolHs, 70.000, 80.000
fHZLKS9Ik5E, 560.000, 570.000
fHeBDfvT-pM, 80.000, 90.000
fJlxqIRLVuE, 280.000, 290.000
fKNLBkaeZ9k, 470.000, 480.000
fKZusltw2LM, 330.000, 340.000
fNNFs8K0blo, 350.000, 360.000
fTT_D_d_5FA, 80.000, 90.000
fWYmbQnowCI, 390.000, 400.000
fW_6MTnluyk, 110.000, 120.000
fXVwLWkmCT4, 480.000, 490.000
f_97ofwwpPQ, 250.000, 260.000
faQtaMxJSn0, 160.000, 170.000
fanoFQjhtns, 30.000, 40.000
fb5_BRdRkgk, 290.000, 300.000
fbNbapiN70o, 250.000, 260.000
fkEtLbT63-k, 290.000, 300.000
fuHhs6jb6CY, 120.000, 130.000
fwhkCnOeyC0, 350.000, 360.000
fz7zQOT2kZ0, 220.000, 230.000
fzZbwuKHILw, 30.000, 40.000
g1Fkkkvk3Fk, 30.000, 40.000
gCQZwFj1S3c, 310.000, 320.000
gXJXfZra9TA, 30.000, 40.000
gXSZhNXPh_U, 200.000, 210.000
gZUiS_uHWVs, 50.000, 60.000
g_YgAX7rOBE, 340.000, 350.000
gotehLmEYVQ, 60.000, 70.000
grJk5Cego6E, 340.000, 350.000
h5LH5k5hyWA, 470.000, 480.000
h6QNTCnH4oI, 60.000, 70.000
hB4I5F7_RJU, 400.000, 410.000
hGijcvIlePw, 410.000, 420.000
hSkyL54vB2o, 470.000, 480.000
hclq1ywrhjs, 180.000, 190.000
hdatWHGpDOQ, 240.000, 250.000
hspagUxbTv4, 30.000, 40.000
hubKA7ohW9Q, 10.000, 20.000
hvwg-ICaOZ0, 280.000, 290.000
hw939I1zP24, 30.000, 40.000
hxPZnC0tkJA, 160.000, 170.000
i0cZwXSNUuM, 170.000, 180.000
i2D1t8fkGo4, 80.000, 90.000
i5M3T9mRdXY, 40.000, 50.000
i6XkxUTUQK4, 400.000, 410.000
iGNeKAPg1iE, 230.000, 240.000
iHyS3tp6k7g, 330.000, 340.000
id1QK90fbQ8, 80.000, 90.000
id5yZxqknYM, 50.000, 60.000
ieSNkPEg2xU, 190.000, 200.000
iereTYywVzQ, 30.000, 40.000
if-oZbLDNE0, 20.000, 30.000
imeq42iSjF4, 100.000, 110.000
itrqDwiSXrs, 320.000, 330.000
iuYFbKM7Emg, 0.000, 10.000
izYM7k5w6t4, 70.000, 80.000
j3O9YLFEpDc, 300.000, 310.000
jCo_w95Dggw, 340.000, 350.000
jE_-TRTYKBg, 400.000, 410.000
jEziE2lQXes, 260.000, 270.000
jMYUwkL_xH4, 290.000, 300.000
jO7vSSK9uSo, 10.000, 20.000
jRM1znZ0m3M, 120.000, 130.000
jTdrVpkJupY, 320.000, 330.000
jVzcZpdT_8o, 170.000, 180.000
jfvYWJV9Ho4, 10.000, 20.000
jhIXHxi2qsc, 360.000, 370.000
jo49kBgXv6c, 420.000, 430.000
jpBkS654RtE, 70.000, 80.000
jt78SkpNi84, 240.000, 250.000
jwoaz7XXpc8, 110.000, 120.000
k3hC-If-goU, 40.000, 50.000
kAOHVOcHOxo, 0.000, 10.000
kAZ1euTrDLI, 260.000, 270.000
kArAohc05no, 470.000, 480.000
kAuQRdefsqI, 30.000, 40.000
kL1pdqHeNA8, 90.000, 100.000
kPXp9WuolZg, 6.000, 16.000
kV_oLd72GzM, 40.000, 50.000
kcG5U_2NeHs, 30.000, 40.000
khnQudLNdIM, 420.000, 430.000
ko4D6J3R9Kg, 330.000, 340.000
kqzL3xznfiU, 350.000, 360.000
krPE3PqNUQw, 90.000, 100.000
kwbEm9IX3EY, 350.000, 360.000
l-TP2e4F0x8, 180.000, 190.000
l-c7Jql2h98, 330.000, 340.000
lCvRVAsowsk, 30.000, 40.000
lD3GnQRPWBE, 360.000, 370.000
lGfT8ygPGyc, 360.000, 370.000
lJYdUkCb6Vo, 150.000, 160.000
lKS8OouhvRE, 20.000, 30.000
lWBMajjICMk, 110.000, 120.000
lg6FCv8btpM, 390.000, 400.000
ljSTN1wFSm4, 0.000, 10.000
lvPbeskvmHw, 130.000, 140.000
m-m_8PniN1o, 220.000, 230.000
m7L36kKrPPE, 70.000, 80.000
mNQoLNkb4HU, 30.000, 40.000
mOZJKxp5sD8, 10.000, 20.000
mWx9jN3V8TM, 530.000, 540.000
mXjNho9DG8E, 470.000, 480.000
mhJ1XueW5aQ, 180.000, 190.000
mojskPxABNQ, 20.000, 30.000
mupYr1D_bQ0, 180.000, 190.000
n5GWIlItf3w, 570.000, 580.000
nBxFJ9KMqcc, 250.000, 260.000
nKUNyOfTaTo, 190.000, 200.000
nMik4q-TLus, 560.000, 570.000
nPJJe62iO30, 220.000, 230.000
nWqMFr9ZW-w, 150.000, 160.000
nXdE8FK9w14, 30.000, 40.000
nYVXyJHq8hw, 390.000, 400.000
npqQr3Mtouc, 140.000, 150.000
ntt_SVfJBVo, 170.000, 180.000
o4Xf5GgRYgE, 180.000, 190.000
o8iHgGRzcTE, 20.000, 30.000
o9FfwqTi6q0, 10.000, 20.000
oDaNoMsdkrw, 360.000, 370.000
oJawn-B6Fms, 40.000, 50.000
oSlkURFDWhg, 370.000, 380.000
obwkyjwZfkM, 50.000, 60.000
oddn2LPH438, 270.000, 280.000
ogAh7Uf4558, 30.000, 40.000
oiqz0UsqCU8, 90.000, 100.000
oohB6XwC5gk, 330.000, 340.000
op621H1Udf0, 340.000, 350.000
p-dduAPZprc, 80.000, 90.000
p7XHZte3CnI, 250.000, 260.000
pA8JJNhEq40, 100.000, 110.000
pEgp2m21zZs, 30.000, 40.000
pFAK3Y92pIw, 260.000, 270.000
pSMEVPApxRM, 0.000, 10.000
pXG2mcsZZXk, 260.000, 270.000
paJQPCfbVgM, 580.000, 590.000
pkQMQntdlcg, 280.000, 290.000
pvUzjqbcMVs, 10.000, 20.000
pyOjqrbu1_k, 520.000, 530.000
q0DtHbK6kBc, 70.000, 80.000
q0tUMzOmqUQ, 210.000, 220.000
qGwceO5U_mU, 30.000, 40.000
qK-G01-kfc0, 310.000, 320.000
qMAtQWtSSr0, 240.000, 250.000
qNi5Xlf2ZVY, 510.000, 520.000
qOcwdMnj6sM, 60.000, 70.000
qT8lIrtFvUg, 310.000, 320.000
qV1jKHb7324, 60.000, 70.000
qhfSa_R1DLE, 390.000, 400.000
qvGOq-SxKDY, 330.000, 340.000
qwK2EYODJOk, 400.000, 410.000
qwNhueO5CJs, 150.000, 160.000
r6TvUCpmfec, 90.000, 100.000
r77K-RFDaFM, 390.000, 400.000
rJH2NlESwxw, 20.000, 30.000
rJiO6jT0iqQ, 430.000, 440.000
rN66wFeh3ck, 240.000, 250.000
rSe06h1sKxE, 0.000, 10.000
rWIqVVwi5IQ, 270.000, 280.000
rXK10LNzOQk, 440.000, 450.000
rZYTRIdDgqY, 160.000, 170.000
rdKZZtbvVmE, 180.000, 190.000
rdspCU4jcdQ, 140.000, 150.000
rdulsOUoh3M, 0.000, 10.000
rgnq2VGbuHc, 350.000, 360.000
rhiG4fLpo78, 370.000, 380.000
rnRg0RP818g, 370.000, 380.000
rpdhV32JeY0, 290.000, 300.000
rzLP40vll5Y, 130.000, 140.000
s0xtVKfk9es, 50.000, 60.000
sF3RwtLqkfU, 10.000, 20.000
sNHkCmMlmmg, 0.000, 10.000
sNq8Gs7phEM, 100.000, 110.000
sViT1ZenHpU, 420.000, 430.000
sYjYWMx9m9I, 470.000, 480.000
s_zpbgBUgNI, 120.000, 130.000
scSyxhIhisc, 510.000, 520.000
sdWpjtJdibE, 150.000, 160.000
t3Iwt4---Zg, 150.000, 160.000
t7Ql9vLmIDU, 130.000, 140.000
tAs0JIPFxPk, 50.000, 60.000
tDlfY3nmx1A, 160.000, 170.000
tEviPaMnBG0, 310.000, 320.000
tGZM9rF1wY0, 30.000, 40.000
tJhpWfPErwQ, 140.000, 150.000
tNqety9EOSo, 540.000, 550.000
tOjS48vniFE, 120.000, 130.000
tQSLczNoeJs, 230.000, 240.000
tVNREdFsylY, 30.000, 40.000
tXrP-qpQtXM, 440.000, 450.000
tXsDL6DpBYM, 30.000, 40.000
tdHUrbZMNq0, 570.000, 580.000
tdWhHV3X25Q, 60.000, 70.000
tyhh3_OK_bU, 370.000, 380.000
u2f5NpsoHBg, 30.000, 40.000
uFAnywLigPE, 40.000, 50.000
uJ1c2gXiv4s, 10.000, 20.000
uLUcrtuyR4Y, 210.000, 220.000
uO-umE9pecI, 210.000, 220.000
uS-ppcpwkwI, 370.000, 380.000
uW23glQmwmY, 0.000, 10.000
v6QC3gM2XNs, 30.000, 40.000
v7K_as6T20s, 250.000, 260.000
vBMqDd8p5ts, 200.000, 210.000
vBTKJK2f-vQ, 190.000, 200.000
vG6ZG6xt1nQ, 220.000, 230.000
vGVrImim0lw, 420.000, 430.000
vGmN8mHhd4Q, 0.000, 10.000
vRNdnocwW6k, 210.000, 220.000
vpe3x5Hom-0, 10.000, 20.000
vw7Gy-pNKzs, 40.000, 50.000
w083KSR2_xY, 270.000, 280.000
wHj2xcdGmy8, 500.000, 510.000
wLqpBQOJAHI, 110.000, 120.000
wMYgErPrqmU, 70.000, 80.000
wlm_4k_rXfg, 60.000, 70.000
wwYt4MTkUTU, 240.000, 250.000
x5FdX9V4W_M, 30.000, 40.000
x8K3xuwmPvc, 50.000, 60.000
xAWkmyqUe94, 30.000, 40.000
xEBCGqVt3w8, 170.000, 180.000
xJpl058WHbI, 280.000, 290.000
xN3D-BSOhFk, 190.000, 200.000
xTUiL7oyPw4, 140.000, 150.000
xYXxICjSYGM, 230.000, 240.000
xajCWePeSUQ, 360.000, 370.000
xjPQPw2Xbk0, 10.000, 20.000
xrrVvjbTQ-o, 300.000, 310.000
xtC04KgHqX0, 310.000, 320.000
y63k-yUAces, 310.000, 320.000
y9RB_DvaqcI, 30.000, 40.000
yBOyPldgq0M, 380.000, 390.000
yJxj8CDk-oQ, 160.000, 170.000
ySt9jvYMD-o, 220.000, 230.000
yUPltHZlE68, 210.000, 220.000
yUzu9bnuo-E, 360.000, 370.000
yWfSylwke0M, 180.000, 190.000
yXnvvX9ruik, 20.000, 30.000
yhy1AT71WZ8, 310.000, 320.000
yik5Y258uNQ, 60.000, 70.000
ykK_RL0C30w, 370.000, 380.000
ymbgYs3xp1U, 580.000, 590.000
z-w_zhtnUgs, 120.000, 130.000
z30c64tc2uE, 170.000, 180.000
zHshR-4Fl-U, 110.000, 120.000
zKiWwmTEMuA, 190.000, 200.000
zRQhzepKWgY, 540.000, 550.000
zUh6GROIiyg, 100.000, 110.000
zdi_F9GaK4s, 340.000, 350.000
zhr_3Tc_1kQ, 290.000, 300.000
zlpyeqC8yL4, 10.000, 20.000
zv7GSe6vFg4, 30.000, 40.000
